country_name,Indicator_Name,YR_2008,YR_2009,YR_2010,YR_2011,YR_2012,YR_2013,YR_2014,YR_2015,YR_2016,YR_2017,YR_2018
Aruba,"Population, total",101358,101455,101669,102046,102560,103159,103774,104341,104872,105366,105845
Afghanistan,"Population, total",27722276,28394813,29185507,30117413,31161376,32269589,33370794,34413603,35383128,36296400,37172386
Angola,"Population, total",21695634,22514281,23356246,24220661,25107931,26015780,26941779,27884381,28842484,29816748,30809762
Albania,"Population, total",2947314,2927519,2913021,2905195,2900401,2895092,2889104,2880703,2876101,2873457,2866376
Andorra,"Population, total",83862,84463,84449,83747,82427,80774,79213,78011,77297,77001,77006
Arab World,"Population, total",338395961,346629220,354890042,363158703,371443547,379705719,387907748,396028278,404024433,411898965,419790588
United Arab Emirates,"Population, total",7089487,7917372,8549988,8946777,9141596,9197910,9214175,9262900,9360980,9487203,9630959
Argentina,"Population, total",40080160,40482788,40788453,41261490,41733271,42202935,42669500,43131966,43590368,44044811,44494502
Armenia,"Population, total",2907618,2888092,2877319,2876538,2884229,2897584,2912403,2925553,2936146,2944809,2951776
American Samoa,"Population, total",57492,56683,56079,55759,55667,55713,55791,55812,55741,55620,55465
Antigua and Barbuda,"Population, total",85397,86746,88028,89253,90409,91516,92562,93566,94527,95426,96286
Australia,"Population, total",21249200,21691700,22031750,22340024,22733465,23128129,23475686,23815995,24190907,24601860,24992369
Austria,"Population, total",8321496,8343323,8363404,8391643,8429991,8479823,8546356,8642699,8736668,8797566,8847037
Azerbaijan,"Population, total",8763400,8947243,9054332,9173082,9295784,9416801,9535079,9649341,9757812,9854033,9942334
Burundi,"Population, total",8126102,8397668,8675602,8958406,9245988,9540289,9844297,10160030,10487998,10827024,11175378
Belgium,"Population, total",10709973,10796493,10895586,11038264,11106932,11159407,11209057,11274196,11331422,11375158,11422068
Benin,"Population, total",8696921,8944708,9199259,9460830,9729248,10004588,10286842,10575952,10872067,11175204,11485048
Burkina Faso,"Population, total",14689725,15141098,15605217,16081911,16571246,17072775,17586017,18110624,18646378,19193284,19751535
Bangladesh,"Population, total",144304167,145924797,147575430,149273778,151007807,152764676,154520167,156256276,157970840,159670593,161356039
Bulgaria,"Population, total",7492561,7444443,7395599,7348328,7305888,7265115,7223938,7177991,7127822,7075947,7024216
Bahrain,"Population, total",1114641,1185076,1240860,1278151,1299943,1315029,1336075,1371851,1425791,1494074,1569439
"Bahamas, The","Population, total",343681,349604,354942,359577,363584,367168,370633,374206,377931,381761,385640
Bosnia and Herzegovina,"Population, total",3754271,3735938,3705472,3661175,3604972,3542605,3482104,3429361,3386267,3351527,3323929
Belarus,"Population, total",9527985,9506765,9490583,9473172,9464495,9465997,9474511,9489616,9501534,9498264,9485386
Belize,"Population, total",306823,314655,322464,330237,338000,345715,353366,360933,368400,375769,383071
Bermuda,"Population, total",65273,65636,65124,64564,64798,65001,65139,65239,64555,63874,63968
Bolivia,"Population, total",9721454,9884781,10048590,10212954,10377676,10542376,10706517,10869730,11031813,11192854,11353142
Brazil,"Population, total",192030362,193886508,195713635,197514534,199287296,201035903,202763735,204471769,206163058,207833831,209469333
Barbados,"Population, total",279946,281104,282131,282987,283700,284296,284825,285324,285796,286233,286641
Brunei Darussalam,"Population, total",379421,383906,388646,393688,398989,404421,409769,414907,419800,424473,428962
Bhutan,"Population, total",671613,678323,685503,693298,701583,710238,719056,727876,736709,745568,754394
Botswana,"Population, total",1915639,1953498,1987105,2015402,2039551,2062536,2088614,2120716,2159944,2205128,2254126
Central African Republic,"Population, total",4273366,4337625,4386768,4418636,4436415,4447942,4464175,4493170,4537687,4596028,4666377
Canada,"Population, total",33247118,33628895,34004889,34339328,34714222,35082954,35437435,35702908,36109487,36540268,37058856
Central Europe and the Baltics,"Population, total",105001883,104800475,104421447,104174038,103935318,103713726,103496179,103257751,102994343,102738854,102511922
Switzerland,"Population, total",7647675,7743831,7824909,7912398,7996861,8089346,8188649,8282396,8373338,8451840,8516543
Channel Islands,"Population, total",156433,158178,159734,160998,162056,163038,164100,165385,166923,168665,170499
Chile,"Population, total",16708258,16886186,17062536,17233576,17400347,17571507,17758959,17969353,18209068,18470439,18729160
China,"Population, total",1324655000,1331260000,1337705000,1344130000,1350695000,1357380000,1364270000,1371220000,1378665000,1386395000,1392730000
Cote d'Ivoire,"Population, total",19605569,20059147,20532950,21028655,21547188,22087505,22647683,23226143,23822714,24437469,25069229
Cameroon,"Population, total",19252666,19789919,20341241,20906388,21485266,22077298,22681858,23298368,23926539,24566045,25216237
"Congo, Dem. Rep.","Population, total",60411195,62448574,64563854,66755153,69020747,71358807,73767447,76244544,78789127,81398764,84068091
"Congo, Rep.","Population, total",4011486,4145391,4273731,4394844,4510198,4622761,4736974,4856095,4980999,5110702,5244363
Colombia,"Population, total",44254975,44750054,45222700,45663099,46076848,46497267,46969209,47520667,48171392,48901066,49648685
Comoros,"Population, total",657229,673252,689692,706569,723871,741505,759390,777424,795592,813892,832322
Cabo Verde,"Population, total",480842,486671,492654,498856,505235,511748,518269,524743,531146,537497,543767
Costa Rica,"Population, total",4463125,4520740,4577378,4633086,4688000,4742107,4795396,4847804,4899345,4949954,4999441
Caribbean small states,"Population, total",6878978,6925452,6973206,7022387,7072665,7123332,7173435,7222212,7269386,7314990,7358965
Cuba,"Population, total",11236971,11226709,11225832,11236670,11257101,11282720,11306902,11324781,11335109,11339259,11338138
Curacao,"Population, total",145880,146833,148703,150831,152088,153822,155909,157980,159664,160175,159849
Cayman Islands,"Population, total",53836,55322,56672,57878,58958,59932,60848,61724,62569,63382,64174
Cyprus,"Population, total",1081563,1098083,1112612,1124833,1135046,1143866,1152285,1160985,1170187,1179680,1189265
Czech Republic,"Population, total",10384603,10443936,10474410,10496088,10510785,10514272,10525347,10546059,10566332,10594438,10625695
Germany,"Population, total",82110097,81902307,81776930,80274983,80425823,80645605,80982500,81686611,82348669,82657002,82927922
Djibouti,"Population, total",816358,827823,840198,853674,868136,883293,898696,913993,929112,944097,958920
Dominica,"Population, total",70827,70851,70878,70916,70965,71016,71085,71183,71307,71458,71625
Denmark,"Population, total",5493621,5523095,5547683,5570572,5591572,5614932,5643475,5683483,5728010,5764980,5797446
Dominican Republic,"Population, total",9458075,9576737,9695121,9813210,9930911,10048224,10165178,10281680,10397743,10513131,10627165
Algeria,"Population, total",34730608,35333881,35977455,36661444,37383887,38140132,38923687,39728025,40551404,41389198,42228429
East Asia & Pacific (excluding high income),"Population, total",1938067140,1952027348,1965964309,1980045666,1994401378,2008932012,2023609315,2038202511,2053116851,2068155660,2081651801
Early-demographic dividend,"Population, total",2820903724,2864614907,2908287643,2951856336,2994852889,3037662926,3080325473,3122841922,3165142287,3207188541,3249140605
East Asia & Pacific,"Population, total",2177119142,2192059415,2206884624,2221673110,2236819053,2252046977,2267482299,2282855831,2298514046,2314202003,2328220870
Europe & Central Asia (excluding high income),"Population, total",394991819,396743394,398783138,401012737,403265869,405778196,408278056,410844329,413361214,415710935,417797257
Europe & Central Asia,"Population, total",881531261,885170595,888627318,890862941,894486795,898766094,903129978,907498192,911812364,915420161,918793590
Ecuador,"Population, total",14535739,14774424,15011117,15243883,15474102,15707474,15951838,16212020,16491115,16785361,17084357
"Egypt, Arab Rep.","Population, total",79636079,81134798,82761235,84529250,86422240,88404640,90424654,92442547,94447072,96442593,98423595
Euro area,"Population, total",334274725,335360890,336151479,335419643,336159194,337302113,338466255,339533474,340616924,341164362,341783171
Eritrea,"Population, total",3062779,3119920,3170435,3213972,,,,,,,
Spain,"Population, total",45954106,46362946,46576897,46742697,46773055,46620045,46480882,46444832,46483569,46593236,46723749
Estonia,"Population, total",1337090,1334515,1331475,1327439,1322696,1317997,1314545,1315407,1315790,1317384,1320884
Ethiopia,"Population, total",82916235,85233913,87639964,90139927,92726971,95385785,98094253,100835458,103603501,106400024,109224559
European Union,"Population, total",501683669,503194070,504298777,504005894,505096232,506597697,508193856,509717579,511218529,512191098,513213363
Fragile and conflict affected situations,"Population, total",410146920,419986678,430002303,440218679,450626774,461192790,471835322,482530732,493290951,504119229,515215936
Finland,"Population, total",5313399,5338871,5363352,5388272,5413971,5438972,5461512,5479531,5495303,5508214,5518050
Fiji,"Population, total",845361,853637,859818,863449,865069,865608,866453,868627,872399,877459,883483
France,"Population, total",64374984,64707040,65027507,65342780,65659809,65998687,66316100,66593366,66859768,66865144,66987244
Faroe Islands,"Population, total",47820,47808,47814,47823,47843,47892,47960,48051,48173,48331,48497
"Micronesia, Fed. Sts.","Population, total",103543,102975,102911,103450,104506,105926,107446,108895,110215,111459,112640
Gabon,"Population, total",1518540,1568928,1624140,1684635,1749682,1817071,1883800,1947686,2007873,2064823,2119275
United Kingdom,"Population, total",61806995,62276270,62766365,63258918,63700300,64128226,64613160,65128861,65595565,66058859,66488991
Georgia,"Population, total",3848449,3814419,3786695,3756441,3728874,3717668,3719414,3725276,3727505,3728004,3731000
Ghana,"Population, total",23563825,24170940,24779619,25387710,25996449,26607642,27224472,27849205,28481946,29121471,29767108
Gibraltar,"Population, total",33559,33565,33585,33612,33646,33692,33725,33736,33737,33728,33718
Guinea,"Population, total",9738792,9964469,10192176,10420471,10652029,10892810,11150977,11432088,11738441,12067539,12414318
"Gambia, The","Population, total",1689285,1740279,1793196,1848147,1905011,1963711,2024042,2085860,2149139,2213894,2280102
Guinea-Bissau,"Population, total",1446936,1483921,1522599,1562989,1604979,1648257,1692439,1737202,1782437,1828146,1874309
Equatorial Guinea,"Population, total",860840,901599,943639,986853,1031191,1076413,1122276,1168568,1215179,1262001,1308974
Greece,"Population, total",11077841,11107017,11121341,11104899,11045011,10965211,10892413,10820883,10775971,10754679,10727668
Grenada,"Population, total",105456,105789,106233,106796,107446,108170,108902,109599,110261,110874,111454
Greenland,"Population, total",56328,56323,56905,56890,56810,56483,56295,56114,56186,56171,56025
Guatemala,"Population, total",14006428,14316263,14630417,14948803,15270778,15595821,15923243,16252429,16583060,16914936,17247807
Guam,"Population, total",159036,159226,159444,159692,159996,160407,161016,161853,162951,164281,165768
Guyana,"Population, total",746817,747718,749436,752028,755399,759285,763380,767432,771366,775221,779004
High income,"Population, total",1141674064,1150180708,1157826206,1163335501,1170223344,1177175241,1184323353,1191326855,1198350350,1204429565,1210312147
"Hong Kong SAR, China","Population, total",6957800,6972800,7024200,7071600,7150100,7178900,7229500,7291300,7336600,7391700,7451000
Honduras,"Population, total",7980955,8150775,8317470,8480671,8640691,8798521,8955589,9112916,9270795,9429013,9587522
Heavily indebted poor countries (HIPC),"Population, total",590590368,607115564,624219326,641921311,660193774,679012664,698336451,718128416,738387254,759106221,780234406
Croatia,"Population, total",4309705,4305181,4295427,4280622,4267558,4255689,4238389,4203604,4174349,4124531,4089400
Haiti,"Population, total",9646580,9798046,9949322,10100320,10250930,10400673,10549008,10695542,10839970,10982366,11123176
Hungary,"Population, total",10038188,10022650,10000023,9971727,9920362,9893082,9866468,9843028,9814023,9787966,9768785
IBRD only,"Population, total",4334791952,4378481189,4421851199,4465853343,4510296617,4555067814,4599654984,4643767826,4687686335,4731120193,4772284113
IDA & IBRD total,"Population, total",5644570358,5718843756,5793479782,5869059895,5945148626,6022137210,6099662180,6177552865,6256138021,6335039629,6412522234
IDA total,"Population, total",1309778406,1340362567,1371628583,1403206552,1434852009,1467069396,1500007196,1533785039,1568451686,1603919436,1640238121
IDA blend,"Population, total",440671619,451237921,462331503,473598444,484720757,496066901,507644354,519429790,531399044,543525897,555830605
Indonesia,"Population, total",235469762,238620563,241834215,245116206,248452413,251806402,255129004,258383256,261554226,264645886,267663435
IDA only,"Population, total",869106787,889124646,909297080,929608108,950131252,971002495,992362842,1014355249,1037052642,1060393539,1084407516
Isle of Man,"Population, total",83508,84376,84857,84886,84533,83976,83488,83234,83287,83598,84077
India,"Population, total",1200669765,1217726215,1234281170,1250288729,1265782790,1280846129,1295604184,1310152403,1324509589,1338658835,1352617328
Not classified,"Population, total",,,,,,,,,,,
Ireland,"Population, total",4489544,4535375,4560155,4580084,4599533,4623816,4657740,4701957,4755335,4807388,4853506
"Iran, Islamic Rep.","Population, total",72120604,72924837,73762519,74634956,75539862,76481943,77465753,78492215,79564016,80673951,81800269
Iraq,"Population, total",28385746,28973162,29741976,30725300,31890011,33157050,34411951,35572261,36610632,37552781,38433600
Iceland,"Population, total",317414,318499,318041,319014,320716,323764,327386,330815,335439,343400,353574
Israel,"Population, total",7308800,7485600,7623600,7765800,7910500,8059500,8215700,8380100,8546000,8713300,8883800
Italy,"Population, total",58826731,59095365,59277417,59379449,59539717,60233948,60789140,60730582,60627498,60536709,60431283
Jamaica,"Population, total",2781876,2795837,2810460,2825929,2842132,2858709,2875136,2891021,2906238,2920853,2934855
Jordan,"Population, total",6556478,6893260,7261539,7663131,8090872,8520420,8920049,9266575,9551467,9779173,9956011
Japan,"Population, total",128063000,128047000,128070000,127833000,127629000,127445000,127276000,127141000,126994511,126785797,126529100
Kazakhstan,"Population, total",15674000,16092822,16321872,16557201,16792089,17035550,17288285,17542806,17794055,18037776,18276499
Kenya,"Population, total",39791981,40901792,42030676,43178257,44343410,45519889,46699981,47878336,49051686,50221473,51393010
Kyrgyz Republic,"Population, total",5318700,5383300,5447900,5514600,5607200,5719600,5835500,5956900,6079500,6198200,6315800
Cambodia,"Population, total",13883834,14093604,14312212,14541423,14780454,15026332,15274503,15521436,15766293,16009414,16249798
Kiribati,"Population, total",98761,100930,102927,104728,106370,107890,109391,110930,112524,114158,115847
St. Kitts and Nevis,"Population, total",48185,48599,49016,49447,49887,50331,50774,51203,51625,52045,52441
"Korea, Rep.","Population, total",49054708,49307835,49554112,49936638,50199853,50428893,50746659,51014947,51245707,51466201,51635256
Kuwait,"Population, total",2656009,2821045,2991884,3168060,3348853,3526378,3690942,3835591,3956873,4056097,4137309
Latin America & Caribbean (excluding high income),"Population, total",547116062,553561029,559867514,566309408,572713225,579053861,585296422,591416820,597399287,603254104,609013934
Lao PDR,"Population, total",6046620,6148623,6249165,6347567,6444530,6541304,6639756,6741164,6845846,6953035,7061507
Lebanon,"Population, total",4764741,4813026,4953061,5202343,5538634,5914621,6262410,6532678,6711121,6811873,6848925
Liberia,"Population, total",3607860,3754133,3891356,4017443,4135659,4248334,4359505,4472230,4586788,4702228,4818977
Libya,"Population, total",6058748,6133984,6197663,6247439,6285750,6320359,6362037,6418315,6492164,6580724,6678567
St. Lucia,"Population, total",170011,172221,174085,175544,176646,177513,178296,179126,180024,180955,181889
Latin America & Caribbean,"Population, total",577050884,583746102,590303295,596966199,603586217,610151927,616619613,622986033,629240066,635372515,641357515
Least developed countries: UN classification,"Population, total",798563392,817322629,836614860,856472234,876869863,897797478,919226401,941131317,963511276,986365080,1009662578
Low income,"Population, total",547481280,562386040,577274011,592092182,606913332,621915808,637350644,653405207,670117389,687449530,705417321
Liechtenstein,"Population, total",35471,35727,35994,36293,36615,36934,37223,37470,37658,37800,37910
Sri Lanka,"Population, total",19983984,20123508,20261737,20398670,20425000,20585000,20778000,20970000,21203000,21444000,21670000
Lower middle income,"Population, total",2605437640,2646675754,2688436551,2730385840,2772231195,2814221065,2856124025,2898058449,2939830821,2981420591,3022905169
Low & middle income,"Population, total",5616213108,5690410869,5765121055,5840675761,5916770281,5993786433,6071330528,6149221337,6227752871,6306560891,6383958209
Lesotho,"Population, total",1987129,1990131,1995581,2003787,2014990,2028519,2043437,2059021,2075001,2091412,2108132
Late-demographic dividend,"Population, total",2154947270,2168543985,2181529363,2194530619,2207632770,2220999087,2234568586,2248128427,2262158994,2276319334,2288665963
Lithuania,"Population, total",3198231,3162916,3097282,3028115,2987773,2957689,2932367,2904910,2868231,2828403,2789533
Luxembourg,"Population, total",488650,497783,506953,518347,530946,543360,556319,569604,582014,596336,607728
Latvia,"Population, total",2177322,2141669,2097555,2059709,2034319,2012647,1993782,1977527,1959537,1942248,1926542
"Macao SAR, China","Population, total",515239,526400,538219,550832,564039,577372,590208,602085,612836,622585,631636
St. Martin (French part),"Population, total",36885,37377,37582,37446,37009,36453,36015,35858,36065,36560,37264
Morocco,"Population, total",31536811,31929087,32343389,32781850,33241898,33715693,34192347,34663603,35126296,35581294,36029138
Monaco,"Population, total",34872,35226,35612,36024,36460,36901,37322,37718,38070,38392,38682
Moldova,"Population, total",3570108,3565604,3562045,3559986,3559519,3558566,3556397,3554108,3551954,3549196,3545883
Madagascar,"Population, total",19996473,20569117,21151640,21743967,22346641,22961253,23589887,24234088,24894380,25570540,26262368
Maldives,"Population, total",343452,353398,365734,380495,397237,415593,435015,454915,475513,496402,515696
Middle East & North Africa,"Population, total",369823252,377883993,385917886,393944527,401974219,409977874,417932242,425821770,433597626,441255234,448912859
Mexico,"Population, total",110815271,112463887,114092963,115695473,117274155,118827161,120355128,121858258,123333376,124777324,126190788
Marshall Islands,"Population, total",56174,56250,56366,56531,56717,56938,57179,57439,57735,58058,58413
Middle income,"Population, total",5068731828,5128024829,5187847044,5248583579,5309856949,5371870625,5433979884,5495816130,5557635482,5619111361,5678540888
North Macedonia,"Population, total",2067313,2069039,2070741,2072487,2074278,2076067,2077775,2079328,2080745,2081996,2082958
Mali,"Population, total",14113577,14581429,15049353,15514591,15979499,16449864,16934220,17438778,17965429,18512394,19077690
Malta,"Population, total",409379,412477,414508,416268,420028,425967,434558,445053,455356,467999,483530
Myanmar,"Population, total",49929642,50250367,50600818,50990615,51413698,51852451,52280807,52680726,53045226,53382581,53708395
Middle East & North Africa (excluding high income),"Population, total",321168767,326900984,332777824,338814807,345004009,351299193,357637340,363975550,370276461,376546755,382896715
Montenegro,"Population, total",616969,618294,619428,620079,620601,621207,621810,622159,622303,622373,622345
Mongolia,"Population, total",2631898,2673796,2719896,2770362,2824699,2881792,2940108,2998439,3056359,3113779,3170208
Northern Mariana Islands,"Population, total",54625,54193,53971,54012,54311,54784,55305,55780,56188,56562,56882
Mozambique,"Population, total",22276596,22894710,23531574,24187487,24862648,25560725,26286163,27042002,27829942,28649007,29495962
Mauritania,"Population, total",3296238,3393409,3494195,3598648,3706554,3817494,3930896,4046301,4163534,4282574,4403319
Mauritius,"Population, total",1244121,1247429,1250400,1252404,1255882,1258653,1260934,1262605,1263473,1264613,1265303
Malawi,"Population, total",13727890,14128155,14539612,14962112,15396005,15839269,16289540,16745303,17205289,17670260,18143315
Malaysia,"Population, total",27236006,27735040,28208035,28650955,29068159,29468872,29866559,30270962,30684804,31105028,31528585
North America,"Population, total",337406357,340466060,343396098,345983901,348653238,351205682,353888995,356510820,359245384,361751263,364290258
Namibia,"Population, total",2043394,2081044,2118874,2156701,2194784,2233510,2273430,2314904,2358041,2402603,2448255
New Caledonia,"Population, total",242750,245950,249750,254350,259000,263650,268050,272400,276550,280350,284060
Niger,"Population, total",15250908,15843133,16464025,17114761,17795191,18504255,19240157,20001663,20788838,21602472,22442948
Nigeria,"Population, total",150269623,154324933,158503197,162805071,167228767,171765769,176404902,181137448,185960289,190873311,195874740
Nicaragua,"Population, total",5667432,5745526,5824065,5903039,5982526,6062454,6142733,6223240,6303974,6384855,6465513
Netherlands,"Population, total",16445593,16530388,16615394,16693074,16754962,16804432,16865008,16939923,17030314,17131296,17231017
Norway,"Population, total",4768212,4828726,4889252,4953088,5018573,5079623,5137232,5188607,5234519,5276968,5314336
Nepal,"Population, total",26666576,26883535,27013212,27041437,26989862,26917906,26906926,27015031,27261131,27627124,28087871
Nauru,"Population, total",9891,9939,10005,10057,10279,10821,11853,12475,13049,12876,12704
New Zealand,"Population, total",4259800,4302600,4350700,4384000,4408100,4442100,4509700,4595700,4693200,4793900,4885500
OECD members,"Population, total",1225804612,1234364086,1242309585,1248424526,1256042703,1263987635,1272282569,1280466626,1288747101,1296225760,1303529456
Oman,"Population, total",2750963,2876186,3041434,3251108,3498029,3764805,4027260,4267348,4479219,4665935,4829483
Other small states,"Population, total",24762406,25417830,26050942,26647962,27227319,27794595,28364410,28948869,29542879,30148800,30758989
Pakistan,"Population, total",171648986,175525609,179424641,183340592,187281475,191262919,195306825,199426964,203627284,207896686,212215030
Panama,"Population, total",3516204,3579215,3642687,3706483,3770624,3835437,3901315,3968487,4037078,4106771,4176873
Peru,"Population, total",28562317,28792655,29027674,29264318,29506788,29773987,30090359,30470734,30926032,31444297,31989256
Philippines,"Population, total",90901965,92414158,93966780,95570047,97212638,98871552,100513138,102113212,103663927,105173264,106651922
Palau,"Population, total",18704,18285,17955,17745,17640,17606,17626,17665,17725,17808,17907
Papua New Guinea,"Population, total",6976201,7144776,7310507,7472200,7631002,7788379,7946731,8107775,8271760,8438029,8606316
Poland,"Population, total",38125759,38151603,38042794,38063255,38063164,38040196,38011735,37986412,37970087,37974826,37978548
Pre-demographic dividend,"Population, total",691447610,711257522,731868772,753326798,775573001,798495530,821931240,845759344,869943914,894512725,919485393
Puerto Rico,"Population, total",3760866,3740410,3721525,3678732,3634488,3593077,3534874,3473166,3406495,3325001,3195153
"Korea, Dem. Peopleâ€™s Rep.","Population, total",24310142,24428341,24548836,24673385,24800612,24929452,25057752,25183833,25307744,25429985,25549819
Portugal,"Population, total",10558177,10568247,10573100,10557560,10514844,10457295,10401062,10358076,10325452,10300300,10281762
Paraguay,"Population, total",6081296,6163972,6248020,6333976,6421512,6510276,6599526,6688746,6777872,6867062,6956071
West Bank and Gaza,"Population, total",3591977,3689099,3786161,3882986,3979998,4076708,4173398,4270092,4367088,4454805,4569087
Pacific island small states,"Population, total",2157454,2186314,2214519,2241798,2268708,2296101,2325136,2355672,2388307,2422086,2457367
Post-demographic dividend,"Population, total",1064394167,1069878383,1074869481,1077838624,1082370705,1087128029,1092096206,1097025299,1101992071,1106035186,1109997273
French Polynesia,"Population, total",264061,265254,266455,267698,268998,270328,271705,273124,274575,276103,277679
Qatar,"Population, total",1436665,1654950,1856327,2035871,2196074,2336574,2459198,2565710,2654374,2724724,2781677
Romania,"Population, total",20537875,20367487,20246871,20147528,20058035,19983693,19908979,19815481,19702332,19587491,19473936
Russian Federation,"Population, total",142742350,142785342,142849449,142960868,143201676,143506911,143819666,144096870,144342396,144496740,144478050
Rwanda,"Population, total",9524534,9782770,10039338,10293331,10549678,10811543,11083635,11369071,11668818,11980937,12301939
South Asia,"Population, total",1592010819,1615610198,1638792934,1661534412,1683747130,1705772050,1727640967,1749417068,1771167194,1792835608,1814388744
Saudi Arabia,"Population, total",25888541,26630303,27421461,28267685,29155187,30052518,30916994,31717667,32442572,33099147,33699947
Sudan,"Population, total",33060837,33783788,34545013,35349681,36193783,37072550,37977655,38902950,39847440,40813396,41801533
Senegal,"Population, total",12004701,12335084,12678148,13033809,13401991,13782420,14174731,14578459,14993528,15419381,15854360
Singapore,"Population, total",4839396,4987573,5076732,5183688,5312437,5399162,5469724,5535002,5607283,5612253,5638676
Solomon Islands,"Population, total",503360,515181,527861,541521,556064,571335,587079,603118,619437,636038,652858
Sierra Leone,"Population, total",6133603,6272734,6415634,6563240,6712581,6863980,7017144,7171914,7328838,7488431,7650154
El Salvador,"Population, total",6131764,6157686,6183875,6210568,6237923,6266070,6295128,6325124,6356143,6388122,6420744
San Marino,"Population, total",30434,30816,31229,31661,32105,32553,32948,33272,33504,33671,33785
Somalia,"Population, total",11397188,11717692,12043883,12376302,12715510,13063706,13423576,13797201,14185613,14589119,15008154
Serbia,"Population, total",7350222,7320807,7291436,7234099,7199077,7164132,7130576,7095383,7058322,7020858,6982084
Sub-Saharan Africa (excluding high income),"Population, total",822858501,845567916,868935336,892958731,917638670,942951121,968868428,995365059,1022431864,1050057829,1078209758
South Sudan,"Population, total",8736939,9142259,9508364,9830698,10113647,10355036,10554883,10715658,10832512,10910759,10975920
Sub-Saharan Africa,"Population, total",822945457,845655214,869025106,893046172,917726973,943041070,968959787,995458478,1022526541,1050153672,1078306520
Small states,"Population, total",33798838,34529596,35238667,35912147,36568692,37214028,37862981,38526753,39200572,39885876,40575321
Sao Tome and Principe,"Population, total",171120,175876,180371,184524,188404,192087,195727,199432,203227,207089,211028
Suriname,"Population, total",517123,523111,529131,535179,541245,547291,553273,559143,564888,570496,575991
Slovak Republic,"Population, total",5379233,5386406,5391428,5398384,5407579,5413393,5418649,5423801,5430798,5439232,5447011
Slovenia,"Population, total",2021316,2039669,2048583,2052843,2057159,2059953,2061980,2063531,2065042,2066388,2067372
Sweden,"Population, total",9219637,9298515,9378126,9449213,9519374,9600379,9696110,9799186,9923085,10057698,10183175
Eswatini,"Population, total",1049945,1057467,1064837,1072032,1079288,1086839,1095021,1104044,1113984,1124753,1136191
Sint Maarten (Dutch part),"Population, total",33964,34238,34056,33435,34640,36607,37685,38825,39969,40574,40654
Seychelles,"Population, total",86956,87298,89770,87441,88303,89949,91359,93419,94677,95843,96762
Syrian Arab Republic,"Population, total",20664038,21205873,21362529,21082966,20442541,19584274,18715672,17997408,17453933,17068002,16906283
Turks and Caicos Islands,"Population, total",31202,31934,32660,33377,34066,34731,35369,35981,36559,37115,37665
Chad,"Population, total",11183588,11560147,11952136,12360989,12784750,13220424,13663559,14110975,14561666,15016773,15477751
East Asia & Pacific (IDA & IBRD countries),"Population, total",1913718210,1927560609,1941377349,1955334267,1969562739,1983964453,1998513398,2012980531,2027771091,2042687863,2056064424
Europe & Central Asia (IDA & IBRD countries),"Population, total",437427283,439200178,441121359,443356614,445596591,448074081,450528180,453034345,455505650,457810292,459865205
Togo,"Population, total",6083420,6250835,6421679,6595943,6773807,6954721,7137997,7323158,7509952,7698475,7889094
Thailand,"Population, total",66530984,66866839,67195028,67518382,67835957,68144501,68438730,68714511,68971331,69209858,69428524
Tajikistan,"Population, total",7209930,7364753,7527394,7697510,7874835,8059769,8252833,8454028,8663579,8880268,9100837
Turkmenistan,"Population, total",4935767,5007954,5087213,5174085,5267900,5366375,5466328,5565287,5662372,5757669,5850908
Latin America & the Caribbean (IDA & IBRD countries),"Population, total",560891799,567605672,574171371,580856609,587491182,594063071,600555906,606956985,613258172,619460244,625569713
Timor-Leste,"Population, total",1055431,1074277,1093523,1113151,1132994,1153295,1174331,1196302,1219288,1243261,1267972
Middle East & North Africa (IDA & IBRD countries),"Population, total",317576790,323211885,328991663,334931821,341024011,347222485,353463942,359705458,365909373,372091950,378327628
Tonga,"Population, total",103379,103890,103986,103562,102737,101768,101028,100781,101133,101998,103197
South Asia (IDA & IBRD),"Population, total",1592010819,1615610198,1638792934,1661534412,1683747130,1705772050,1727640967,1749417068,1771167194,1792835608,1814388744
Sub-Saharan Africa (IDA & IBRD countries),"Population, total",822945457,845655214,869025106,893046172,917726973,943041070,968959787,995458478,1022526541,1050153672,1078306520
Trinidad and Tobago,"Population, total",1314443,1320930,1328147,1336178,1344817,1353700,1362342,1370328,1377564,1384072,1389858
Tunisia,"Population, total",10414433,10525694,10635244,10741880,10847002,10952951,11063201,11179949,11303946,11433443,11565204
Turkey,"Population, total",70418604,71321399,72326988,73443863,74653016,75928564,77231907,78529409,79821724,81101892,82319724
Tuvalu,"Population, total",10314,10424,10530,10633,10739,10857,10972,11099,11225,11370,11508
Tanzania,"Population, total",41853944,43073834,44346525,45673338,47052481,48482266,49959822,51482633,53050790,54663906,56318348
Uganda,"Population, total",30431736,31411096,32428167,33476919,34559168,35695246,36912148,38225453,39647506,41162465,42723139
Ukraine,"Population, total",46258200,46053300,45870700,45706100,45593300,45489600,45271947,45154029,45004645,44831135,44622516
Upper middle income,"Population, total",2463294188,2481349075,2499410493,2518197739,2537625754,2557649560,2577855859,2597757681,2617804661,2637690770,2655635719
Uruguay,"Population, total",3340221,3349676,3359275,3368934,3378974,3389439,3400434,3412009,3424132,3436646,3449299
United States,"Population, total",304093966,306771529,309326085,311580009,313874218,316057727,318386421,320742673,323071342,325147121,327167434
Uzbekistan,"Population, total",27302800,27767400,28562400,29339400,29774500,30243200,30757700,31298900,31847900,32388600,32955400
St. Vincent and the Grenadines,"Population, total",108393,108287,108255,108316,108435,108622,108861,109148,109459,109827,110210
"Venezuela, RB","Population, total",27635832,28031009,28439940,28888369,29362449,29783571,30045134,30081829,29846179,29390409,28870195
British Virgin Islands,"Population, total",26097,27039,27794,28319,28650,28847,28989,29152,29355,29577,29802
Virgin Islands (U.S.),"Population, total",108399,108405,108358,108292,108191,108044,107884,107710,107510,107268,106977
Vietnam,"Population, total",86243413,87092252,87967651,88871561,89802487,90753472,91714595,92677076,93638724,94596642,95540395
Vanuatu,"Population, total",224704,230247,236211,242653,249499,256635,263888,271130,278330,285510,292680
World,"Population, total",6757887172,6840591577,6922947261,7004011262,7086993625,7170961674,7255653881,7340548192,7426103221,7510990456,7594270356
Samoa,"Population, total",183263,184556,185949,187469,189088,190717,192221,193513,194535,195352,196130
Kosovo,"Population, total",1747383,1761474,1775680,1791000,1805200,1824100,1821800,1801800,1816200,1830700,1845300
"Yemen, Rep.","Population, total",21892146,22516460,23154855,23807588,24473178,25147109,25823485,26497889,27168210,27834821,28498687
South Africa,"Population, total",49779471,50477011,51216964,52004172,52834005,53689236,54545991,55386367,56203654,57000451,57779622
Zambia,"Population, total",12848530,13215139,13605984,14023193,14465121,14926504,15399753,15879361,16363507,16853688,17351822
Zimbabwe,"Population, total",12379549,12526968,12697723,12894316,13115131,13350356,13586681,13814629,14030390,14236745,14439018